<?xml version="1.0" encoding="utf-8"?>
<configuration>
  <system.webServer>
    <rewrite>
      <rules>
        <rule name="Angular Routes" stopProcessing="true">
          <match url=".*" />
          <conditions>
            <add input="{REQUEST_FILENAME}" matchType="IsFile" negate="true" />
            <add input="{REQUEST_FILENAME}" matchType="IsDirectory" negate="true" />
          </conditions>
          <action type="Rewrite" url="/" />
        </rule>
      </rules>
    </rewrite>
    <httpProtocol>
        <customHeaders>
            <add name="Strict-Transport-Security" value="max-age=31536000; includeSubDomains" />
            <add name="X-Frame-Options" value="DENY" />
            <add name="Content-Security-Policy" value="default-src 'self'; script-src 'self' 'unsafe-inline' ; style-src 'self' 'unsafe-inline' https://fonts.googleapis.com https://kit-free.fontawesome.com; img-src 'self' https://keilermora.github.io data: https://assets.pokemon.com; font-src 'self' https://fonts.gstatic.com https://beta.pokeapi.co https://kit-free.fontawesome.com; connect-src 'self' https://beta.pokeapi.co;" />
            <add name="Referrer-Policy" value="same-origin" />
            <add name="X-Content-Type-Options" value="nosniff" />
            <add name="Permissions-Policy" value="geolocation=(self), camera=(self), microphone=(self)" />
        </customHeaders>
    </httpProtocol>
  </system.webServer>
</configuration>